<?xml version='1.0' encoding='UTF-8' ?>
<timeLogEntries>
  <time id="3" path="/T1/Generic/Planning" start="@1632002902926" delta="37" interrupt="55" comment="Se revisa el enunciado" />
  <time id="4" path="/T1/Generic/Planning" start="@1632009044142" delta="28" comment="Se trabaja en los requisitos " />
  <time id="5" path="/T1/Generic/Coding" start="@1632025064801" delta="20" comment="Se empieza el codigo" />
  <time id="6" path="/T1/Generic/Planning" start="@1632026860000" delta="19" />
  <time id="7" path="/T1/Generic/Coding" start="@1632075340653" delta="59" comment="Se trabaja en las estanterias, entrada por consola" />
  <time id="8" path="/T1/Generic/Coding" start="@1632088477322" delta="6" interrupt="247" />
  <time id="9" path="/T1/Generic/Coding" start="@1632189633490" delta="43" interrupt="2" comment="Se trabajo en los clientes" />
  <time id="10" path="/T1/Generic/Coding" start="@1632268613120" delta="38" comment="Se solucion el ordenamiento de las lista de compras de los empleados" />
  <time id="11" path="/T1/Generic/Coding" start="@1632274126390" delta="32" />
  <time id="12" path="/T1/Generic/Coding" start="@1632347620751" delta="134" comment="Se arreglo la forma de añadir juegos a las estanterias" />
  <time id="13" path="/T1/Generic/Coding" start="@1632353821639" delta="58" interrupt="8" />
  <time id="14" path="/T1/Generic/Coding" start="@1632356238000" delta="24" interrupt="8" />
  <time id="15" path="/T1/Generic/Coding" start="@1632357468931" delta="166" comment="Se termino todo en terminos de consola" />
  <time id="12" path="/T1/Generic/Coding" start="@1632347620751" delta="67" comment="Se arreglo la forma de añadir juegos a las estanterias" />
  <time id="13" path="/T1/Generic/Coding" start="@1632353821639" delta="29" interrupt="4" />
  <time id="14" path="/T1/Generic/Coding" start="@1632356238000" delta="12" interrupt="4" />
  <time id="15" path="/T1/Generic/Coding" start="@1632357468931" delta="83" comment="Se termino todo en terminos de consola" />
  <time id="16" path="/T1/Generic/Coding" start="@1632515837299" delta="14" comment="Se corrige las estruturas de datos" />
  <time id="17" path="/T1/Generic/Coding" start="@1632518346981" delta="35" comment="Se termina de corregir" />
  <time id="18" path="/T1/Generic/JUnit" start="@1632522400049" delta="3" interrupt="6" />
  <time id="21" path="/T1/Generic/Planning" start="@1632789169471" delta="108" interrupt="20" comment="Se trabaja en el metodo de la ingeniera" />
  <time id="22" path="/T1/Generic/Planning" start="@1632846733388" delta="12" />
  <time id="23" path="/T1/Generic/Planning" start="@1632848790056" delta="32" />
  <time id="24" path="/T1/Generic/Coding" start="@1632850691227" delta="18" comment="Se corrige un error y se documenta la parte por consola" />
  <time id="25" path="/T1/Generic/Planning" start="@1632857807721" delta="13" comment="Se termina gran parte del metodo de la ingeniera y se hace commit " />
</timeLogEntries>
