<?xml version='1.0' encoding='UTF-8' ?>
<timeLogEntries>
  <time id="1" path="/Proyecto/PSP0/Design" start="@1632708142000" delta="128" />
  <time id="2" path="/Proyecto/PSP0/Planning" start="@1632785527068" delta="28" />
  <time id="3" path="/Proyecto/PSP0/Code" start="@1632787210877" delta="96" />
  <time id="4" path="/Proyecto/PSP0/Test" start="@1632792955416" delta="88" />
  <time id="5" path="/Proyecto/PSP0/Planning" start="@1632798266544" delta="29" />
  <time id="6" path="/Proyecto/PSP0/Design" start="@1632799990847" delta="13" />
  <time id="7" path="/Proyecto/PSP0/Planning" start="@1632271584000" delta="75" />
  <time id="8" path="/Proyecto/PSP0/Design" start="@1632516434000" delta="130" />
  <time id="9" path="/Proyecto/PSP0/Code" start="@1632437253000" delta="203" />
  <time id="10" path="/Proyecto/PSP0/Code" start="@1632530874000" delta="85" />
  <time id="11" path="/Proyecto/PSP0/Test" start="@1632624493000" delta="135" />
  <time id="12" path="/Proyecto/PSP0/Design" start="@1632581311000" delta="145" />
</timeLogEntries>
